{
    "rmse": 0.7283793409410445,
    "mae": 0.560558535025701,
    "r2": 0.23920381546445313
}