{
    "rmse": 0.6868576067497263,
    "mae": 0.530985825488752,
    "r2": 0.24965715850064263
}